{
  "mangrove": [
    [
      -80.162666,
      -2.570539
    ],
    [
      -80.175605,
      -2.555748
    ],
    [
      -80.168159,
      -2.548095
    ],
    [
      -80.153375,
      -2.547238
    ],
    [
      -80.151229,
      -2.55384
    ],
    [
      -80.138676,
      -2.55682
    ],
    [
      -80.117519,
      -2.536755
    ],
    [
      -80.103743,
      -2.513903
    ],
    [
      -80.113077,
      -2.460481
    ],
    [
      -80.106404,
      -2.469828
    ],
    [
      -80.117884,
      -2.457759
    ],
    [
      -80.126681,
      -2.451263
    ],
    [
      -80.142195,
      -2.430382
    ],
    [
      -80.144749,
      -2.441637
    ],
    [
      -80.152323,
      -2.433169
    ],
    [
      -80.158911,
      -2.439815
    ],
    [
      -80.169575,
      -2.425216
    ],
    [
      -80.175734,
      -2.423865
    ],
    [
      -80.182943,
      -2.478103
    ],
    [
      -80.195689,
      -2.483227
    ],
    [
      -80.176334,
      -2.485435
    ],
    [
      -80.180132,
      -2.491609
    ],
    [
      -80.173588,
      -2.490537
    ],
    [
      -80.179338,
      -2.495082
    ],
    [
      -80.178866,
      -2.501577
    ],
    [
      -80.16861,
      -2.499948
    ],
    [
      -80.1982,
      -2.514289
    ],
    [
      -80.179553,
      -2.512724
    ],
    [
      -80.202942,
      -2.514954
    ],
    [
      -80.211504,
      -2.515919
    ],
    [
      -80.199723,
      -2.522392
    ],
    [
      -80.211804,
      -2.532253
    ],
    [
      -80.222039,
      -2.53191
    ],
    [
      -80.196333,
      -2.526637
    ],
    [
      -80.205302,
      -2.536798
    ],
    [
      -80.191162,
      -2.536541
    ],
    [
      -80.185583,
      -2.547945
    ],
    [
      -80.182106,
      -2.557227
    ],
    [
      -80.187278,
      -2.518877
    ],
    [
      -80.17406,
      -2.507001
    ],
    [
      -80.154619,
      -2.526337
    ],
    [
      -80.154147,
      -2.533154
    ],
    [
      -80.160735,
      -2.507858
    ],
    [
      -80.147817,
      -2.513518
    ],
    [
      -80.143225,
      -2.497847
    ],
    [
      -80.133955,
      -2.489915
    ],
    [
      -80.119364,
      -2.483677
    ],
    [
      -80.10664,
      -2.493667
    ],
    [
      -80.187278,
      -2.528523
    ],
    [
      -80.168524,
      -2.528716
    ],
    [
      -80.168095,
      -2.534247
    ],
    [
      -80.103786,
      -2.500462
    ]
  ],
  "shrimp": [
    [
      -80.169597,
      -2.560464
    ],
    [
      -80.178695,
      -2.556905
    ],
    [
      -80.198264,
      -2.547431
    ],
    [
      -80.188737,
      -2.544387
    ],
    [
      -80.186763,
      -2.534783
    ],
    [
      -80.142603,
      -2.546059
    ],
    [
      -80.151572,
      -2.566723
    ],
    [
      -80.143332,
      -2.549703
    ],
    [
      -80.147023,
      -2.537527
    ],
    [
      -80.140157,
      -2.532082
    ],
    [
      -80.139556,
      -2.526894
    ],
    [
      -80.133591,
      -2.516476
    ],
    [
      -80.132003,
      -2.506315
    ],
    [
      -80.1299,
      -2.495339
    ],
    [
      -80.158567,
      -2.512403
    ],
    [
      -80.138741,
      -2.503519
    ],
    [
      -80.121274,
      -2.513903
    ],
    [
      -80.123806,
      -2.530324
    ],
    [
      -80.120716,
      -2.489937
    ],
    [
      -80.113206,
      -2.482905
    ],
    [
      -80.122519,
      -2.479389
    ],
    [
      -80.1296,
      -2.474759
    ],
    [
      -80.136466,
      -2.474845
    ],
    [
      -80.131831,
      -2.467899
    ],
    [
      -80.121059,
      -2.462882
    ],
    [
      -80.10282,
      -2.456794
    ],
    [
      -80.114493,
      -2.455122
    ],
    [
      -80.135436,
      -2.447704
    ],
    [
      -80.143569,
      -2.471479
    ],
    [
      -80.154963,
      -2.446332
    ],
    [
      -80.157709,
      -2.435656
    ],
    [
      -80.157537,
      -2.431197
    ],
    [
      -80.188265,
      -2.425709
    ],
    [
      -80.190582,
      -2.432054
    ],
    [
      -80.162258,
      -2.430296
    ],
    [
      -80.168889,
      -2.442216
    ],
    [
      -80.183372,
      -2.442109
    ],
    [
      -80.186656,
      -2.447876
    ],
    [
      -80.189488,
      -2.448883
    ],
    [
      -80.178781,
      -2.462561
    ],
    [
      -80.197492,
      -2.466977
    ],
    [
      -80.207834,
      -2.477224
    ],
    [
      -80.201912,
      -2.484749
    ],
    [
      -80.204916,
      -2.484813
    ],
    [
      -80.199423,
      -2.489765
    ],
    [
      -80.205324,
      -2.515768
    ],
    [
      -80.183265,
      -2.512982
    ],
    [
      -80.207834,
      -2.525372
    ],
    [
      -80.221074,
      -2.529059
    ],
    [
      -80.223241,
      -2.51997
    ],
    [
      -80.129535,
      -2.540742
    ],
    [
      -80.113292,
      -2.52788
    ],
    [
      -80.117841,
      -2.522457
    ],
    [
      -80.12224,
      -2.497633
    ],
    [
      -80.110373,
      -2.476388
    ],
    [
      -80.116596,
      -2.464876
    ],
    [
      -80.150113,
      -2.527366
    ],
    [
      -80.14801,
      -2.530024
    ],
    [
      -80.148525,
      -2.532682
    ],
    [
      -80.121317,
      -2.540571
    ]
  ],
  "water": [
    [
      -80.1581,
      -2.56
    ],
    [
      -80.1524,
      -2.5494
    ],
    [
      -80.1359,
      -2.5678
    ],
    [
      -80.1514,
      -2.5413
    ],
    [
      -80.1569,
      -2.5345
    ],
    [
      -80.1581,
      -2.5264
    ],
    [
      -80.1522,
      -2.5204
    ],
    [
      -80.1434,
      -2.5125
    ],
    [
      -80.1457,
      -2.5055
    ],
    [
      -80.1449,
      -2.4972
    ],
    [
      -80.1386,
      -2.4897
    ],
    [
      -80.1083,
      -2.4957
    ],
    [
      -80.104,
      -2.4862
    ],
    [
      -80.1024,
      -2.4797
    ],
    [
      -80.103,
      -2.4737
    ],
    [
      -80.104,
      -2.468
    ],
    [
      -80.177,
      -2.5504
    ],
    [
      -80.1565,
      -2.5762
    ],
    [
      -80.1955,
      -2.5422
    ],
    [
      -80.1748,
      -2.533
    ],
    [
      -80.2058,
      -2.5305
    ],
    [
      -80.1882,
      -2.5239
    ],
    [
      -80.1993,
      -2.5185
    ],
    [
      -80.2138,
      -2.5284
    ],
    [
      -80.1869,
      -2.5164
    ],
    [
      -80.1765,
      -2.5108
    ],
    [
      -80.1615,
      -2.515
    ],
    [
      -80.1617,
      -2.5219
    ],
    [
      -80.1634,
      -2.5084
    ],
    [
      -80.1636,
      -2.503
    ],
    [
      -80.1724,
      -2.5026
    ],
    [
      -80.1782,
      -2.5046
    ],
    [
      -80.1741,
      -2.4965
    ],
    [
      -80.1815,
      -2.4932
    ],
    [
      -80.176,
      -2.4873
    ],
    [
      -80.1902,
      -2.4933
    ],
    [
      -80.1946,
      -2.4947
    ],
    [
      -80.1973,
      -2.499
    ],
    [
      -80.1989,
      -2.5048
    ],
    [
      -80.2016,
      -2.5106
    ],
    [
      -80.1926,
      -2.5179
    ],
    [
      -80.1786,
      -2.4857
    ],
    [
      -80.2302,
      -2.5406
    ],
    [
      -80.2231,
      -2.5394
    ],
    [
      -80.2234,
      -2.5343
    ],
    [
      -80.2299,
      -2.5219
    ],
    [
      -80.1245,
      -2.455
    ],
    [
      -80.1279,
      -2.4444
    ],
    [
      -80.1423,
      -2.4396
    ],
    [
      -80.1562,
      -2.442
    ],
    [
      -80.1622,
      -2.4335
    ],
    [
      -80.1699,
      -2.4266
    ]
  ]
}